body_part,song,artist,track_url,popularity
Arm,Seven Nation Army,The White Stripes,https://open.spotify.com/track/3dPQuX8Gs42Y7b454ybpMR,88
Arm,Armed And Dangerous,Juice WRLD,https://open.spotify.com/track/5wujBwqG7INdStqGd4tRMX,80
Arm,Open Arms (feat. Travis Scott),SZA,https://open.spotify.com/track/0xaFw2zDYf1rIJWl2dXiSF,84
Arm,Open Arms (feat. Travis Scott),SZA,https://open.spotify.com/track/6koKhrBBcExADvWuOgceNZ,79
Arm,"This Ain't A Scene, It's An Arms Race",Fall Out Boy,https://open.spotify.com/track/1oagRT7LfpVlNJN6FSZDGp,75
Arm,Open Arms,Journey,https://open.spotify.com/track/2w4EpqGasrz9qdTwocx54t,74
Arm,(I Just) Died In Your Arms,Cutting Crew,https://open.spotify.com/track/4ByEFOBuLXpCqvO1kw8Wdm,80
Arm,"I Don't Want To Miss A Thing - From ""Armageddon"" Soundtrack",Aerosmith,https://open.spotify.com/track/5qlJg0Wbj3sslxfwiaRNpq,80
Arm,"I Don't Want to Miss a Thing - From ""Armageddon"" Soundtrack",Various Artists,https://open.spotify.com/track/225xvV8r1yKMHErSWivnow,77
Arm,Into Your Arms (feat. Ava Max),Ava Max,https://open.spotify.com/track/0b11D9D0hMOYCIMN3OKreM,77
Armpit,armpit,Vincenc Butolen,https://open.spotify.com/track/2W0dQuqs69zLdPlPmDt1R9,26
Armpit,armpit,maxime.,https://open.spotify.com/track/7CH7swdqpRI65TOHOXL92d,18
Armpit,Hot As A Docker's Armpit - 2013 Remaster,Budgie,https://open.spotify.com/track/5ceqnMsPGsfLdcRvGhwKT9,24
Armpit,Armpits of Immortals,NanowaR of Steel,https://open.spotify.com/track/2eXdlbAwf7buHU66YUB6i1,31
Armpit,Armpit Dream,Alessandro Batazzi,https://open.spotify.com/track/1Kmr0DQ4biqQtqzKwOvhEi,19
Armpit,Armpits,Mike Phirman,https://open.spotify.com/track/0AziitIwShzKXkvffDBTG0,13
Armpit,Armpit No. 6 - Remastered,Screamin' Jay Hawkins,https://open.spotify.com/track/5HA2p37GVsFzJTq23KgjIE,10
Armpit,Assessing Your armpit - Skin Tag (Gloves & Body Touching),Be Brave Be You ASMR,https://open.spotify.com/track/0ZWCJ9oYzb6KbZiUTQk7cI,11
Armpit,Cum Stains On My Armpit,Alien Fucker,https://open.spotify.com/track/1UTClOiMA4XHATau0GnSsE,10
Armpit,Armpit,Antonio Bernades,https://open.spotify.com/track/3P9QjJwefrppiC7IivPTmX,21
Ass,Same Asshole,Jelly Roll,https://open.spotify.com/track/1b4KQGFYbRqRe2Bx818Kqb,71
Ass,I WANNA SEE SOME ASS (feat. jetsonmade),Jack Harlow,https://open.spotify.com/track/2aWVaW1p2kUc5yuKwBmRJi,74
Ass,Asshole,Mike Sherm,https://open.spotify.com/track/6aD0Es1eyfVqpYZKJm9WkC,67
Ass,Broke Ass Kid,Dylan Wheeler,https://open.spotify.com/track/22NJ4gaxcMI4j5Fg8dbnug,64
Ass,Ass Like That,Eminem,https://open.spotify.com/track/4gXdMZkBN1neE9nX6yRALa,73
Ass,Ass Back Home (feat. Neon Hitch),Gym Class Heroes,https://open.spotify.com/track/3bfqkspKABT4pPicm6wC9F,66
Ass,Guggenheim Assemble,Daniel Pemberton,https://open.spotify.com/track/20LQRh3mc32mgw2KAkmBQV,68
Ass,ASSISTE 2 (feat. Kilimoney),Kilimoney,https://open.spotify.com/track/6uJCQb6kWhXfWrIXnDP8mx,69
Ass,MTG CIDADE ASSOMBRADA 2.0,MC LIPEX,https://open.spotify.com/track/5w1UFYERQf1TssdWOag8rM,64
Ass,Eu Gosto Assim - Ao Vivo,Mari Fernandez,https://open.spotify.com/track/4ASA1PZyWGbuc4d9N8OAcF,86
Belly,bellyache,Billie Eilish,https://open.spotify.com/track/51NFxnQvaosfDDutk0tams,81
Belly,Belly Dancer,BYOR,https://open.spotify.com/track/7fZBQnc0zXwVybgCIrQQil,86
Belly,Double Up (feat. Belly and Dom Kennedy),Nipsey Hussle,https://open.spotify.com/track/4iVD0fTHGxV9JWloujsL3s,67
Belly,bellyache,Billie Eilish,https://open.spotify.com/track/1ni8ZTAY1GHXEFOGHl7fdg,70
Belly,Fire in the belly,LE SSERAFIM,https://open.spotify.com/track/05RlBHEZg1RmL9DnPgv9Qq,70
Belly,Bananza (Belly Dancer),Akon,https://open.spotify.com/track/1bqZ94bPrrHyIpYux7rVj7,60
Belly,Them Belly Full (But We Hungry),Bob Marley & The Wailers,https://open.spotify.com/track/2Ezmm08Oy4772SkEoC18Kt,62
Belly,Bellyache - Marian Hill Remix,Billie Eilish,https://open.spotify.com/track/61X077SWMs5aAGQHhf4pd0,60
Belly,Belly Dancer - LUM!X Remix,LUM!X,https://open.spotify.com/track/61eO1GpmNJ7iUVoQZ5JfNO,66
Belly,Bananza (Belly Dancer) - DJ Shaan Remix,Slowed Radio,https://open.spotify.com/track/4XOnM8efyB3PQanXQnwlGO,60
Cheek,Booty Wurk (One Cheek At a Time) (feat. Joey Galaxy),T-Pain,https://open.spotify.com/track/6QgkOxBXqVRjZ1JcIDbDYY,68
Cheek,Cheek To Cheek,Louis Armstrong,https://open.spotify.com/track/33jt3kYWjQzqn3xyYQ5ZEh,66
Cheek,Cheek To Cheek,Louis Armstrong,https://open.spotify.com/track/5TNpCThzzXHEipXGKgNG8T,64
Cheek,Booty Cheeks,Jay Webb,https://open.spotify.com/track/4eV7NtiVwhmPVe46mYiv9e,58
Cheek,Cheek to Cheek,Fred Astaire,https://open.spotify.com/track/5qWXXF3On2xUfVu1ND1NLN,54
Cheek,Cheeky,Good Enough,https://open.spotify.com/track/5Tzgq0nzRjgpLxm5LlFQzc,54
Cheek,Cheek To Cheek,Lady Gaga,https://open.spotify.com/track/0UuRIovHyU6KeTzY4gS0L2,58
Cheek,Pink cheeks,Eldon,https://open.spotify.com/track/4HaI6qDEZYHG0sQnd54FDQ,58
Cheek,Cheek To Cheek,Ella Fitzgerald,https://open.spotify.com/track/3MRu7wA7ziRNf2cZr9gqtb,53
Cheek,The Jump Off (feat. Mr. Cheeks) - Remix,Lil' Kim,https://open.spotify.com/track/3CZlTOyNnKVMb021IYEY6r,54
Chest,Target On My Chest,Brent Faiyaz,https://open.spotify.com/track/2GUJWmiDlSwey0GrLCX1gK,60
Chest,Deadman's chest,BLP KOSHER,https://open.spotify.com/track/4RS8hr1DWGrwlM2MsC0AGA,55
Chest,BIRD CHEST,Cochise,https://open.spotify.com/track/5f9mUHipRZatRB4hbZ7AhY,52
Chest,On My Chest,Archie Brier,https://open.spotify.com/track/5ivcwAjEGrSiCIna2JISRC,57
Chest,Falling Asleep with a Book on Your Chest (Piano Version),Lullatone,https://open.spotify.com/track/1wkwJswKpMJNVxPAOIw6mc,54
Chest,One Day The Only Butterflies Left Will Be In Your Chest As You March Towards Your Death (feat. Amy Lee),Bring Me The Horizon,https://open.spotify.com/track/20Kau1BL5IUaPo4l488D57,61
Chest,Say It Witcha Chest,DoggyStyleeee,https://open.spotify.com/track/4w6qYj2jiLthKyGu3IPMRR,56
Chest,Chest,Brian Eno,https://open.spotify.com/track/1lJk4bKZV6nAsXDS5NFpdx,54
Chest,Chestbrah,Mqx,https://open.spotify.com/track/7ytCjzk0B8Z6ME53HlM2eh,49
Chest,Dark Chest of Wonders,Nightwish,https://open.spotify.com/track/4QCGfqoCLZ3x9iMgtzUMD9,56
Dick,Dicked Down in Dallas,Trey Lewis,https://open.spotify.com/track/1yhft6ZqYadd4GOrKrmK3a,74
Dick,Thinking with My Dick (feat. Juicy J),Kevin Gates,https://open.spotify.com/track/1ojBtNRMzjL7ptLPZCzfRz,70
Dick,More Than Yesterday (feat. Russell Dickerson),Russell Dickerson,https://open.spotify.com/track/0VNb0HzD2oxJ9zyRbv7xFH,67
Dick,Dick (feat. Doja Cat),StarBoi3,https://open.spotify.com/track/3nY8AqaMNNHHLYV4380ol0,72
Dick,Dicke Titten,Rammstein,https://open.spotify.com/track/5KTBaWu8IOczQ0sPWzZ7MY,76
Dick,Get Off (You Can Eat a Dick),Kittie,https://open.spotify.com/track/6tVqTzprCpw19k5pVKWP3v,60
Dick,Hickory Dickory Dock,CoComelon,https://open.spotify.com/track/2UTkYyycHc6q8eLAA9raDu,62
Dick,Moby Dick - Intro / Outro Rough Mix,Led Zeppelin,https://open.spotify.com/track/4lZjT7PLaWPIcm2InIDU2k,59
Dick,Hickory Dickory Dock,Belle and the Nursery Rhymes Band,https://open.spotify.com/track/6WSbL0BpnlLoz20Z3rc5Cf,59
Dick,Big Dick,Little Big,https://open.spotify.com/track/2KAXsRLc9LAZklPjm6cQ5y,60
Ears,Rainfall Retreat: Zen in Your Ears,Lush Rain Creators,https://open.spotify.com/track/1N4fgDLtBwOAm9a0IXUCuf,66
Ears,Brown Noise In My Ears,Sleepy Parents,https://open.spotify.com/track/2qv9tpHBIDfwJqA6egLinF,59
Ears,"With Ears to See, and Eyes to Hear",Sleeping With Sirens,https://open.spotify.com/track/1X5Vmsn025nGZslbFm3Scv,54
Ears,I can wiggle my ears,Wiktoria Bogan,https://open.spotify.com/track/2YB76HdRtdgSftyN6cdwYv,58
Ears,Scene Five - With Ears To See and Eyes To Hear,Sleeping With Sirens,https://open.spotify.com/track/0ZGD86ANZoQT2tU57Y4gCE,55
Ears,I've Got All This Ringing In My Ears And None On My Fingers,Fall Out Boy,https://open.spotify.com/track/1CRVvwUopaV42bAEvoh194,53
Ears,The Enemy Between My Ears,Sons Of Charlie,https://open.spotify.com/track/2Ns9qqEAYMclhGyfABG8GJ,65
Ears,Music for Dog's Ears,Sleepy Dogs,https://open.spotify.com/track/20yGQNbDihomop45kTbbfK,49
Ears,Do Your Ears Hang Low?,Play School,https://open.spotify.com/track/1M76UttpeQadA2UoEvbRVI,54
Ears,Covering My Ears (feat. Naughty Boy & wewantwraiths),wewantwraiths,https://open.spotify.com/track/1M3VBabFRFPZnO3FB0P4JA,54
Elbow,Throwin' Elbows,Excision,https://open.spotify.com/track/5Z9gjSD3mglkexfM8QbGHo,53
Elbow,Elbow Pain,Glue Trip,https://open.spotify.com/track/0a0xmwa0ik3iBKf6SsIe14,51
Elbow,Elbow Room,Cochise,https://open.spotify.com/track/772DPveqcP1rW5Ldp4QMKX,41
Elbow,The People's Elbow,Attack Attack!,https://open.spotify.com/track/1fgQQ08SxjDjx44vJYG58u,39
Elbow,Sleeves Touch My Elbows,1tbsp,https://open.spotify.com/track/5lkOxIIuYsTgzPanava5CQ,45
Elbow,Throwin' Elbows - Getter & Virtual Riot Remix,Excision,https://open.spotify.com/track/5gKplc2VD2j7KDkYhxGFwb,41
Elbow,Elbow,King Gizzard & The Lizard Wizard,https://open.spotify.com/track/6AFpFoz3VlaA62vUApyyX7,35
Elbow,Gammy Elbow,Chris Lorenzo,https://open.spotify.com/track/4R1ucIN3cgWBcHxbeSmgzB,49
Elbow,Death at One's Elbow - 2011 Remaster,The Smiths,https://open.spotify.com/track/6p3bhE5jahFtOk9QVNFnNY,42
Elbow,Elbow Grease,Soltan,https://open.spotify.com/track/7beAh9FEDhV8VUQ39fwDyf,41
Eyebrow,Gonna Bleach My Eyebrows,Alemeda,https://open.spotify.com/track/3Am6nVgWd4pwO2hguNHqI7,53
Eyebrow,Gonna Bleach My Eyebrows,Alemeda,https://open.spotify.com/track/3zQHfHufmH496jyJmRrccJ,52
Eyebrow,Eyebrow,Nick Mosh,https://open.spotify.com/track/0T2MpaJYieS4tSWgKR2vdV,51
Eyebrow,Raised Eyebrows,The Feelies,https://open.spotify.com/track/1KKsLzPchApxeIbYMYeYdr,32
Eyebrow,Eyebrows Down,Ludacris,https://open.spotify.com/track/5NSHPTQZ7AN6h3AEpG8IzS,27
Eyebrow,STICK ON CHOLA EYEBROWS,larval therapy,https://open.spotify.com/track/16i5iwPo939wgzJc6jnqyn,26
Eyebrow,Brushing with Eyebrow Brushes,GinaWhispers ASMR,https://open.spotify.com/track/3aLtfCuvQEniAtbsGw13Wz,29
Eyebrow,Smoke flower lock eyebrow,Jack Moore,https://open.spotify.com/track/1w9pHPUhY7oZfgVXLONTa8,19
Eyebrow,We Threw Gasoline On The Fire And Now We Have Stumps For Arms And No Eyebrows,Various Artists,https://open.spotify.com/track/4XmBVsvKeqkeNGVoiXxjQR,22
Eyebrow,Black Eyes Black Eyebrows,Various Artists,https://open.spotify.com/track/2EbLWEJHGYAthUcmQh5McL,21
Eyelash,Wish on an Eyelash,Mallrat,https://open.spotify.com/track/3vLByi1CdmNJPpTtOdKqAQ,73
Eyelash,"Wish on an Eyelash, Pt. 2",The Chainsmokers,https://open.spotify.com/track/10yYDp1Lnac8zEIYiCk1sp,63
Eyelash,Eyelashes on,Number48,https://open.spotify.com/track/7MCjrNINVwC8zZdHJlTP1P,39
Eyelash,"Wish on an Eyelash, Pt. 3",Equanimous,https://open.spotify.com/track/3Ip4Jtf4P4o4BObrFz2hVR,36
Eyelash,Eyelashes,Tori Kelly,https://open.spotify.com/track/4DUexk2YgWK1JRV7C8wRC3,33
Eyelash,Eyelash,Jack Stauber's Micropop,https://open.spotify.com/track/6fmhQDBrLGb4qVirehoBsy,31
Eyelash,Icicles On My Eyelashes,alayna,https://open.spotify.com/track/4FiVFsTyR3YWSlIehe06Xu,31
Eyelash,eyelash,Califone,https://open.spotify.com/track/7orRwdHDY4gpRnQiDJg6R6,29
Eyelash,False Eyelashes,Dolly Parton,https://open.spotify.com/track/2VCEf5PQ4Z2SD2OvS1CScU,27
Eyelash,Eyelashes,BAILEN,https://open.spotify.com/track/4CKYQbEFpedZuGzWOsH0tP,22
Eyes,Those Eyes,New West,https://open.spotify.com/track/50x1Ic8CaXkYNvjmxe3WXy,92
Eyes,Eyes Closed,Ed Sheeran,https://open.spotify.com/track/07bsRv0pcpbG4zJeLsUs1p,88
Eyes,Eyes Without A Face,Billy Idol,https://open.spotify.com/track/0pUVeEgZuNyFzIMKp67RbS,82
Eyes,Close Eyes,DVRST,https://open.spotify.com/track/3CLSHJv5aUROAN2vfOyCOh,85
Eyes,Rhinestone Eyes,Gorillaz,https://open.spotify.com/track/1foMv2HQwfQ2vntFf9HFeG,81
Eyes,ocean eyes,Billie Eilish,https://open.spotify.com/track/7hDVYcQq6MxkdJGweuCtl9,84
Eyes,Eyes Closed,Ed Sheeran,https://open.spotify.com/track/3p7XQpdt8Dr6oMXSvRZ9bg,84
Eyes,Devil Eyes,Hippie Sabotage,https://open.spotify.com/track/7MiZjKawmXTsTNePyTfPyL,82
Eyes,Relax My Eyes,Abel Balder,https://open.spotify.com/track/5u4hhtZ7f4rWkMZEZcTKrH,83
Eyes,In Your Eyes,The Weeknd,https://open.spotify.com/track/7szuecWAPwGoV1e5vGu8tl,82
Face,Flooded The Face,Lil Uzi Vert,https://open.spotify.com/track/4daEMLSZCgZ2Mt7gNm2SRa,88
Face,SPIT IN MY FACE!,ThxSoMch,https://open.spotify.com/track/1N8TTK1Uoy7UvQNUazfUt5,87
Face,Poker Face,Lady Gaga,https://open.spotify.com/track/5R8dQOPq8haW94K7mgERlO,80
Face,Face Down,The Red Jumpsuit Apparatus,https://open.spotify.com/track/4wzjNqjKAKDU82e8uMhzmr,80
Face,Can't Feel My Face,The Weeknd,https://open.spotify.com/track/22VdIZQfgXJea34mQxlt81,86
Face,Eyes Without A Face,Billy Idol,https://open.spotify.com/track/0pUVeEgZuNyFzIMKp67RbS,82
Face,Face-off,Jimin,https://open.spotify.com/track/3OdIiWnYRHPYtC313Z0Bwy,82
Face,Face 2 Face,Juice WRLD,https://open.spotify.com/track/6L4XGeAdRRC32vVJpp8MdM,74
Face,Off My Face,Justin Bieber,https://open.spotify.com/track/3T03rPwlL8NVk1yIaxeD8U,80
Face,Happy Face,Jagwar Twin,https://open.spotify.com/track/4ochm99Pc9wVHnHIY3cqxb,73
Foot,6 Foot 7 Foot,Lil Wayne,https://open.spotify.com/track/5Qy6a5KzM4XlRxsNcGYhgH,76
Foot,Niagara Falls (Foot or 2) [with Travis Scott & 21 Savage],Metro Boomin,https://open.spotify.com/track/4WuOWVnAqvEQxgSRrspBgt,85
Foot,5 Foot 9,Tyler Hubbard,https://open.spotify.com/track/6AqwH2Y9FJwhUE2dCSkw1u,76
Foot,5 Foot 9,Tyler Hubbard,https://open.spotify.com/track/0U4iRayct65wsaBMQGiLbg,74
Foot,Footloose,Kenny Loggins,https://open.spotify.com/track/6W2VbtvMrDXm5vYeB7amkO,76
Foot,Foot Fungus,Ski Mask The Slump God,https://open.spotify.com/track/3EikYy40GMSp8l5mDV6IQo,71
Foot,"Footloose - From ""Footloose"" Soundtrack",Various Artists,https://open.spotify.com/track/2vz1CsL5WBsbpBcwgboTAw,76
Foot,"Holding Out for a Hero - From ""Footloose"" Soundtrack",Bonnie Tyler,https://open.spotify.com/track/5Hyr47BBGpvOfcykSCcaw9,78
Foot,Right Foot Creep,YoungBoy Never Broke Again,https://open.spotify.com/track/6FiySur7YZL0Kff2YVGsEB,70
Foot,"Let's Hear It for the Boy - From ""Footloose"" Original Soundtrack",Deniece Williams,https://open.spotify.com/track/4VyU9Tg4drTj2mOUZHSK2u,70
Hair,Blue Hair,TV Girl,https://open.spotify.com/track/39sDitIeCMrVX2QyXHY46t,88
Hair,Flowers in Your Hair,The Lumineers,https://open.spotify.com/track/3Hvg5tRKsQlX25wYwgMF9p,76
Hair,Sister Golden Hair,America,https://open.spotify.com/track/5VSAonaAPhhGn0G7hMYwWK,75
Hair,Long Haired Country Boy,The Charlie Daniels Band,https://open.spotify.com/track/5pihM63Tj50g1XjLxq0iU8,66
Hair,Hair Down (feat. Kendrick Lamar),SiR,https://open.spotify.com/track/4sFzG7iUlyPmuyASCkre9A,66
Hair,Brown Haired Blue Eyed Baby,JD Clayton,https://open.spotify.com/track/76H7cWSrOCpLiWzPiDrXbm,64
Hair,Thru My Hair,¿Téo?,https://open.spotify.com/track/6BbAFjOCHA1AknMtIu3VjZ,67
Hair,Whip My Hair,WILLOW,https://open.spotify.com/track/4Dio1t8RHzLv1nfPJTSZyP,64
Hair,my hair,Ariana Grande,https://open.spotify.com/track/6u7gmPOz7pzzaeR9xSBpsR,64
Hair,"Nails, Hair, Hips, Heels",Todrick Hall,https://open.spotify.com/track/3gWIY6WqA34ZRy8QVjTq5v,65
Hands,Father Stretch My Hands Pt. 1,Kanye West,https://open.spotify.com/track/4KW1lqgSr8TKrvBII0Brf8,87
Hands,No Hands (feat. Roscoe Dash & Wale),Waka Flocka Flame,https://open.spotify.com/track/03tqyYWC9Um2ZqU0ZN849H,80
Hands,Dancing With Our Hands Tied,Taylor Swift,https://open.spotify.com/track/7I7JbDv63ZJJsSi24DyJrz,79
Hands,Slow Hands,Niall Horan,https://open.spotify.com/track/2cOUlop2ZakjOKe4WinesN,79
Hands,Hands up!,kets4eki,https://open.spotify.com/track/04gSLX5nUhkKiMe1geeqnA,78
Hands,Hands up!,6arelyhuman,https://open.spotify.com/track/0Vqaw7CxyURWaRI9gNJthb,76
Hands,HANDSOMER (Remix) (Feat. Ktlyn),Ktlyn,https://open.spotify.com/track/0vp1sk3FzuDBeLMLcRhQdL,70
Hands,Wet Hands,C418,https://open.spotify.com/track/1tinoQpYXzpZDrb0BjK1e7,70
Hands,Hands up! - Nightcore,Pixel Hood,https://open.spotify.com/track/1qqEizepf7JPEQ5UQVP4Bh,72
Hands,Hands up! - Slowed,Pixel Hood,https://open.spotify.com/track/5QysgWndNifZvQ6RSjZVcZ,70
Head,Heading South,Zach Bryan,https://open.spotify.com/track/2Dct3GykKZ58hpWRFfe2Qd,85
Head,She Had Me At Heads Carolina,Cole Swindell,https://open.spotify.com/track/200x8ONbPfFzByUr3fVz46,83
Head,Headlines,Drake,https://open.spotify.com/track/6LxSe8YmdPxy095Ux6znaQ,81
Head,Head Over Boots,Jon Pardi,https://open.spotify.com/track/4ly1QBXEwYoDmje9rmEgC4,79
Head,death bed (coffee for your head),beabadoobee,https://open.spotify.com/track/7eJMfftS33KTjuF7lTsMCx,85
Head,Voices In My Head,Falling In Reverse,https://open.spotify.com/track/5XUuldRjPXcP5QxyEN4IXT,78
Head,In My Head,Lil Tjay,https://open.spotify.com/track/1HvTxgCj0mTzQlEo0zLvFb,78
Head,Can't Get You out of My Head,Kylie Minogue,https://open.spotify.com/track/3E7ZwUMJFqpsDOJzEkBrQ7,81
Head,Head & Heart (feat. MNEK),MNEK,https://open.spotify.com/track/6cx06DFPPHchuUAcTxznu9,83
Head,My Head & My Heart,Ava Max,https://open.spotify.com/track/1KixkQVDUHggZMU9dUobgm,80
Hip,Hips Don't Lie (feat. Wyclef Jean),Shakira,https://open.spotify.com/track/3ZFTkvIE7kyPt6Nu3PEa7V,89
Hip,Hippies and Cowboys,Cody Jinks,https://open.spotify.com/track/0G7pjeHX2TDqw6mx14puWg,72
Hip,Hip Hop Hooray,Naughty By Nature,https://open.spotify.com/track/1SyQ6t9RdRBK0QUCS6a797,71
Hip,Habits (Stay High) - Hippie Sabotage Remix,Tove Lo,https://open.spotify.com/track/62N2JSA0jHmSH7Va9t7hIf,67
Hip,HIP,MAMAMOO,https://open.spotify.com/track/24nK8tW7Pt3Inh2utttuoG,74
Hip,Hip To Be Square,Huey Lewis & The News,https://open.spotify.com/track/648BMGrt98kUbLo24A4vgj,68
Hip,Hipócrita,Anuel AA,https://open.spotify.com/track/4CbANooTL2aTHzJZqQ0Uvk,76
Hip,Hip To Be Scared [Feat. Jacoby Shaddix],Ice Nine Kills,https://open.spotify.com/track/1tBghD5Z8rBeN7eHDXLamy,66
Hip,Hip-Hop,Dead Prez,https://open.spotify.com/track/2HoDr1yVksl19omOhc1zWy,65
Hip,"Nails, Hair, Hips, Heels",Todrick Hall,https://open.spotify.com/track/3gWIY6WqA34ZRy8QVjTq5v,65
Knee,Knee Deep (feat. Jimmy Buffett),Zac Brown Band,https://open.spotify.com/track/60IGhnH20N82dNxKnc8jDd,79
Knee,Knee Socks,Arctic Monkeys,https://open.spotify.com/track/2LGdO5MtFdyphi2EihANZG,79
Knee,On My Knees,RÜFÜS DU SOL,https://open.spotify.com/track/2ouFrmMwYik8nQX2n9SeZu,71
Knee,"Head, Shoulders, Knees and Toes",Mother Goose Club,https://open.spotify.com/track/2qKrxtkIuCOyE66TAunMXx,65
Knee,Knee Deep at ATP,Lovejoy,https://open.spotify.com/track/18g9sFXzAcXTPrcmDXSk9z,65
Knee,Head Shoulder Knees and Toes,CoComelon,https://open.spotify.com/track/6xfOJl9l0Gc5WxjmBAvQsA,65
Knee,On My Knees,RÜFÜS DU SOL,https://open.spotify.com/track/7ABUiQBM8cjktnp6QLTTaT,67
Knee,Head Shoulders Knees & Toes (feat. Norma Jean Martine),Ofenbach,https://open.spotify.com/track/2RRpaU7jFVcwo23pthdnBv,69
Knee,"Head, Shoulders, Knees and Toes",Martha Blackburn,https://open.spotify.com/track/1ASON2czMxxdew6pusPG6r,66
Knee,Head Shoulders Knees & Toes (feat. Norma Jean Martine),Norma Jean Martine,https://open.spotify.com/track/6i7zAdNhzUN2k1HcrBxPHG,67
Legs,Legs - 2008 Remaster,ZZ Top,https://open.spotify.com/track/7t6CAWplijBj4sdl0q3z0e,69
Legs,Can't Feel My Legs,Don Toliver,https://open.spotify.com/track/47IXLhp3c6mu7NqvpuhuLi,63
Legs,Drop Dead Legs - 2015 Remaster,Van Halen,https://open.spotify.com/track/49KoX0qpXf3wHyP9nfUaqq,57
Legs,Legs Shakin' (feat. Ludacris),R. Kelly,https://open.spotify.com/track/3GwlRvhCJPbPZbCE6lK7KC,54
Legs,Six Legs (tippy tappy toes),Madilyn Mei,https://open.spotify.com/track/2YEBDLIavEArLQBL1qbnYD,55
Legs,Hot Legs,Rod Stewart,https://open.spotify.com/track/0NIRG3SEn2Zf88o3qHJil5,57
Legs,Feeling On Her Legs,Frostydasnowmann,https://open.spotify.com/track/6dvuJKsUzEmk4Tl3Ovb9EB,50
Legs,Death On Two Legs (Dedicated To...) - Remastered 2011,Queen,https://open.spotify.com/track/4J0kN8QS2esY6cWBsFjtW9,50
Legs,PROSTHETIC LEGS,SosMula,https://open.spotify.com/track/4GZic05Jp01VnVNoy96zrP,50
Legs,Legs,Boyish,https://open.spotify.com/track/4uP0hLJCQCm8PkXXCLw9Js,48
Lips,Lips Of An Angel,Hinder,https://open.spotify.com/track/40LQiUUUKXVGyNs09lHVjW,76
Lips,Lips Are Movin,Meghan Trainor,https://open.spotify.com/track/6gj08XDlv9Duc2fPOxUmVD,74
Lips,Our Lips Are Sealed - Single Version,The Go-Go's,https://open.spotify.com/track/1GVnAD8Iz45rux6EC657Yv,66
Lips,Lipstick Lover,Janelle Monáe,https://open.spotify.com/track/6IhkXHtj7tJg5waF4utfX0,65
Lips,Lipstick Lover,Janelle Monáe,https://open.spotify.com/track/0zBVnui5j6g5lDEfPpbobx,64
Lips,Lips,IVE,https://open.spotify.com/track/0dRSOmb7pqkkmjXCu5BYbe,69
Lips,Lipstick Lover,Janelle Monáe,https://open.spotify.com/track/5c2jJgsGsnYWB6QdkK1ycR,61
Lips,"눈,코,입 (Eyes, Nose, Lips)",TAEYANG,https://open.spotify.com/track/0lYtIvI7bO51PZSeK22Mbz,70
Lips,Henry V: Henry V: Touch her soft lips and part,John Rutter,https://open.spotify.com/track/5WEmDvDiRpE7p3y8SMMAPJ,65
Lips,Molly's Lips - BBC John Peel Session 1990,Nirvana,https://open.spotify.com/track/0brL7VMo7onJJTGMSdajic,62
Mouth,Watch Your Mouth,The Backseat Lovers,https://open.spotify.com/track/4DHLopEsKDwQBgucGKJuzj,67
Mouth,"Flightless Bird, American Mouth",Iron & Wine,https://open.spotify.com/track/1fEGtTZjrjJW8eUeewnNJR,72
Mouth,Something in Your Mouth,Nickelback,https://open.spotify.com/track/6wO0vMRAJB0r1lEWBJZNOq,67
Mouth,Waterfalls Coming Out Your Mouth,Glass Animals,https://open.spotify.com/track/7s0FCUlKnSFjFPzcIJmkwo,66
Mouth,"Determinate - From ""Lemonade Mouth""",Lemonade Mouth,https://open.spotify.com/track/4qEoqyPbLYnLOii6mKlIjI,67
Mouth,IN MY MOUTH,Black Dresses,https://open.spotify.com/track/51fuLpPnBX5pzizp3PkODO,66
Mouth,Mouth for War,Pantera,https://open.spotify.com/track/6rkeaQRCWZxwkjhyqgxjXi,65
Mouth,Mind Yo Mouth,Summer Walker,https://open.spotify.com/track/2oyP6zpgfQOSAzYuLDrI6l,61
Mouth,Mouth Of The River,Imagine Dragons,https://open.spotify.com/track/1dekgAFF9uTCqLsklDaCWb,63
Mouth,You Took The Words Right Out of My Mouth (Hot Summer Night),Meat Loaf,https://open.spotify.com/track/7wawEkN4nhPqSBWleGvdxa,62
Neck,Right Side of My Neck,Faye Webster,https://open.spotify.com/track/3cxZT78mZDyLsLPJKcTu3U,74
Neck,Your Teeth In My Neck,Kali Uchis,https://open.spotify.com/track/54IbnYEdA3ymfxv07WgN3b,72
Neck,Now I'm up to My Neck with Offers,$uicideboy$,https://open.spotify.com/track/5ClnW65Z82Mqu4QFwf69YU,70
Neck,Break Ya Neck,Busta Rhymes,https://open.spotify.com/track/7gKgd0P3dAAePiSQQBqrlf,73
Neck,Candy Necklace (feat. Jon Batiste),Lana Del Rey,https://open.spotify.com/track/3MlEryrxCKZkcfX18ZLX96,73
Neck,"Protect Ya Neck (feat. RZA, Method Man, Inspectah Deck, Raekwon, U-God, Ol' Dirty Bastard, Ghostface Killah & GZA)",Wu-Tang Clan,https://open.spotify.com/track/1Sgj10byiGzPpI2IrXSFEn,71
Neck,Goose Neck,Hotel Ugly,https://open.spotify.com/track/0vvDD9Ryb5cfKV7479TURG,65
Neck,Neck And Neck - DNMO Remix,Zeds Dead,https://open.spotify.com/track/2bCjaF7cRm53Wdq9RtkYJu,61
Neck,"My Neck, My Back (Lick It)",Khia,https://open.spotify.com/track/5r29mFrurlVBbqJzjr2XW6,65
Neck,Stiff Necked Fools,Bob Marley & The Wailers,https://open.spotify.com/track/1eN3VT6F8JNkjF9b4AMhzd,60
Nose,Nose On The Grindstone (OurVinyl Sessions),OurVinyl,https://open.spotify.com/track/4a2uqVlpRChHj32EjJLu7G,79
Nose,Red Nose,Sage The Gemini,https://open.spotify.com/track/1KIQ0RscHwxXPJUvhuO5Bl,66
Nose,Nosetalgia,Pusha T,https://open.spotify.com/track/7aK5rlTVxSgcqShPMI1TTH,65
Nose,Nosedive,BoyWithUke,https://open.spotify.com/track/4v7IE994aBZEjlo2tzZnhQ,66
Nose,Squidward Nose,cupcakKe,https://open.spotify.com/track/6CyHiyqSC7P5BAJZdgrQzO,64
Nose,Nosebleed Seats,Vansire,https://open.spotify.com/track/3zREOGri6ic2vk6Dt2NJWk,63
Nose,nose ring,Lil Peep,https://open.spotify.com/track/0Rz0cc0FAHuc2sbxmAZoZr,61
Nose,"눈,코,입 (Eyes, Nose, Lips)",TAEYANG,https://open.spotify.com/track/0lYtIvI7bO51PZSeK22Mbz,70
Nose,Nosebleed,Sophie Powers,https://open.spotify.com/track/1ElDn0WlZ4ELXHksk0Z8mu,56
Nose,A Snowflake On My Nose,Marielle Wilson,https://open.spotify.com/track/5DfVrpef8hqayH7cX85PMs,57
Pussy,Pussy & Millions (feat. Travis Scott),21 Savage,https://open.spotify.com/track/2KLwPaRDOB87XOYAT2fgxh,81
Pussy,Pussy Talk,City Girls,https://open.spotify.com/track/5EzL7hGT9g2Tvqsy158Lu9,67
Pussy,Pussy Poppin (I Don't Really Talk Like This),Rico Nasty,https://open.spotify.com/track/5Y5pnYbPnZzUhv3KEa6qbd,62
Pussy,Pussy Poppin (I Don't Really Talk Like This),Rico Nasty,https://open.spotify.com/track/0Hb2KGmwZez23POGBw2Xc2,63
Pussy,PUSSY TOO NUKEMIX,Lil Darkie,https://open.spotify.com/track/3BZP18McRvNMKJ0QYxThMr,59
Pussy,Pussy Is God,King Princess,https://open.spotify.com/track/6VCeywT4JeawuZOUkQ1okx,58
Pussy,Eatin' Pussy/Kickin' Ass,Wheeler Walker Jr.,https://open.spotify.com/track/4MInKYmt6vnJAH8NQeaZMN,57
Pussy,I Smell Pussy,G-Unit,https://open.spotify.com/track/6YTGeOilUBLvOGrpPBZ1OR,58
Pussy,Genetics (feat. Pussycat Dolls),Meghan Trainor,https://open.spotify.com/track/59F7idTDMJppMZgR6YFy4P,59
Pussy,Debilitate (feat. Pussy Riot),Pussy Riot,https://open.spotify.com/track/4lLSGmYY0E8ZGu2SzpmkAB,58
Tongue,Tongue Tied,GROUPLOVE,https://open.spotify.com/track/0GO8y8jQk1PkHzS31d699N,82
Tongue,Tongues & Teeth,The Crane Wives,https://open.spotify.com/track/0XSOLgNqtHZgEEaQyoQctR,62
Tongue,Bite Your Tongue,Attila,https://open.spotify.com/track/1lnW6hdkIDZU6JA53R0emi,61
Tongue,Tongue Tied (with YUNGBLUD & blackbear),blackbear,https://open.spotify.com/track/7jzldCBnJjpJM3epzJ85KE,61
Tongue,Tippa My Tongue,Red Hot Chili Peppers,https://open.spotify.com/track/7BCxIjRsqbc9Yiy2haBCIK,64
Tongue,Silver Tongues,Louis Tomlinson,https://open.spotify.com/track/29z96EFvG0L1wcj5kkIHzk,64
Tongue,mother tongue,Bring Me The Horizon,https://open.spotify.com/track/5IwUFTiNkarb5HEtNRtRtc,64
Tongue,Tongue,Holly Walker,https://open.spotify.com/track/78iVPIyFgGjQ0g0TmDWYtQ,63
Tongue,Sad Man's Tongue,Volbeat,https://open.spotify.com/track/7BbrlQk1YHVjHVyoGEpDV2,64
Tongue,Wagging Tongue,Depeche Mode,https://open.spotify.com/track/5g2GhW0Xdc0HHwUCaKkmRQ,66
Waist,Wading In Waist-High Water,Fleet Foxes,https://open.spotify.com/track/1u8PeiYinEIxqWGXcxSgrI,60
Waist,Wading In Waist-High Water - Solstice Version,Fleet Foxes,https://open.spotify.com/track/4hUidbtztjs6gKY5bf96FE,57
Waist,WAISTBIN,John-Robert,https://open.spotify.com/track/2wTJZjPz6CXA7u6LIR3tHy,52
Waist,IBADI (Waist),Rose May Alaba,https://open.spotify.com/track/3kBUa5io6UkLqH9amSu8aE,50
Waist,On My Waist,Warhol.SS,https://open.spotify.com/track/16au3RbAtGir6ZsFefwHrE,45
Waist,Grips on Your Waist,Shiloh Dynasty,https://open.spotify.com/track/4aGVAaYkqPZ5QBdDKTkLGT,48
Waist,Your Waist,King Perryy,https://open.spotify.com/track/2QKkkwmfTUA71dfLnMES9P,58
Waist,grips on your waist,Shiloh Dynasty,https://open.spotify.com/track/2ppPbwyzvoc875YTa6ej2V,49
Waist,Waistline,Frenna,https://open.spotify.com/track/0wd6imcxxLZhP7cTzyBeua,57
Waist,"Bad Bitch (Body, Waist, Lips, Face) [with KenTheMan]",KenTheMan,https://open.spotify.com/track/2lTas4vFJPpCVZlyJZJve0,44
Wrist,My wrist (with Young Thug),Young Thug,https://open.spotify.com/track/2beD5W9IkefQ04IO39XF7w,79
Wrist,Neck & Wrist (feat. JAY-Z & Pharrell Williams),Pusha T,https://open.spotify.com/track/7kQJCw0ZkvHgfJqRwPblmG,59
Wrist,My wrist (with Young Thug),Young Thug,https://open.spotify.com/track/4X6ipfUUYkI0XusODCeLoD,57
Wrist,Wrist,Logic,https://open.spotify.com/track/7qT7NUDywO7vNJNTNxqWiN,53
Wrist,PRINCESS CUTS MAH WRIST,Black Kray,https://open.spotify.com/track/59uBZxuzy5ILAMaaXLafLE,54
Wrist,Diamonds All on My Wrist,Lil Uzi Vert,https://open.spotify.com/track/77nc8grWapJTpC7Evz2her,53
Wrist,Flood My Wrist (feat. Lil Uzi Vert),Don Q,https://open.spotify.com/track/5Tj4faD9lGyMw8ZatUYR6G,53
Wrist,Limp Wrist,$uicideboy$,https://open.spotify.com/track/7zNjwnJWBWJDUchrHzhYMo,50
Wrist,Neck & Wrist (feat. JAY-Z & Pharrell),Pharrell Williams,https://open.spotify.com/track/5QNW6Vx14N4OfJ7D0eDg0d,53
Wrist,Wrist (feat. Solo Lucci),Chris Brown,https://open.spotify.com/track/3sHPSPSfMzziQD1v6U6vz0,53
